SC5нц▓Р,SC7нц▓Р,SC57нц▓Р,SC34нц▓Р,SC43нц▓Р,SC1нц▓Р,SC37нц▓Р,SC35нц▓Р,SC20нц▓Р,SC21нц▓Р,SC55нц▓Р,SC31нц▓Р,SC10нц▓Р,SC24нц▓Р,SC15нц▓Р,SC44нц▓Р,SC18нц▓Р,SC40нц▓Р,SC14нц▓Р,SC9нц▓Р,SC23нц▓Р,SC8нц▓Р,SC32нц▓Р,SC49нц▓Р,SC36нц▓Р,SC27нц▓Р,SC25нц▓Р,SC38нц▓Р,SC41нц▓Р,SC51нц▓Р,SC28нц▓Р,SC6нц▓Р,SC48нц▓Р,SC16нц▓Р,SC29нц▓Р,SC53нц▓Р,SC54нц▓Р,SC56нц▓Р,SC61нц▓Р,SC22нц▓Р,SC3нц▓Р,SC17нц▓Р,SC63нц▓Р,SC30нц▓Р,SC66нц▓Р,SC19нц▓Р,SC4нц▓Р,SC39нц▓Р,SC47нц▓Р,SC68нц▓Р,SC2нц▓Р,SC26нц▓Р,SC46нц▓Р,SC12нц▓Р,SC58нц▓Р,SC52нц▓Р,SC60нц▓Р
21296.994136652942,33524.689275582474,8886.14707393928,9173.628496186788,3097.029590503961,45431.54218846282,849.8172758536574,29637.61145672227,56.50203035670145,2162.7765711694014,3222.818423491522,11474.714547746338,39033.70106851088,5514.760869694774,4920.301932036642,16975.55349046185,6006.474824126838,3095.438760970565,1732.6418590846909,27141.541956343954,3768.21147965115,38736.48272783478,2541.203317125931,6519.1073921626585,769.547563441291,3948.2286795498444,45548.96733659887,3822.4772112107744,1609.049964641272,11210.740048239584,1105.1964459076282,28074.521470714422,641.3729806400321,2286.3732341469786,6615.891194273653,32238.351744270713,8545.2410856733,1734.2499649701113,575.2858664539353,9239.380379154914,12707.558304677601,18487.475092207394,2867.0980821043668,4015.459166467875,731.6692335555281,7571.313267703258,21489.15039787477,2327.5099736431557,44062.21149419644,1455.457735239101,8415.066062877244,4457.596159346547,2842.80885667696,4180.073101573889,804.1138136412762,3424.9026234558924,61882.54277056424
21553.351270413656,33691.671743915445,8661.710229910079,8848.349461951499,3212.536124922675,45188.52216694411,822.1845880185849,29528.9128354205,58.37512367855414,2062.7188234329515,3219.887071022889,11406.03102333195,39223.37669560454,5621.297652794727,4505.416810725051,16992.020576461648,5883.581624853101,2934.5933531506166,1657.0808752041787,27038.838056231933,3691.73729853757,38673.61261646401,2212.405599905628,6562.453480846176,736.4934804439805,4082.8056766877585,45317.873541775596,3789.097909821915,1604.1029411485504,11322.647719947114,1106.2437027903463,28452.96504821233,619.2605797998272,2251.055906721753,6658.138494252278,31767.725448981953,8447.708934245442,1557.1303584511893,523.1978773340513,8848.655189823001,12648.241383762035,18202.31874263789,2538.5373511272196,3855.1204986317525,734.3900718917686,7815.535263563068,21405.6377024684,2265.1181780607703,43876.96902483148,1467.4161117044266,8031.331624404392,4496.379759164568,2651.6218395545643,4202.134311681003,797.1293881049847,3206.0340669361394,61913.73747967661
21447.351271646305,33760.15847492508,8875.254622528962,8813.076605355873,3279.3932935127505,45102.66459015525,823.4410308579282,29648.021452293033,57.730067620626826,2006.1589618971275,3206.7518153296364,11383.898208929644,39426.66502269463,5701.449504125405,4308.385323368003,17000.54193636603,5858.653527190656,2950.0878981038795,1630.614945247835,27000.348936120627,3690.994513804767,38646.972314972496,2141.6737380282016,6585.160569512035,731.6089906115334,4078.645604900244,45154.22082794189,3793.322820462192,1613.225792941149,11266.953488821408,1120.9456457805334,28597.699673421615,639.8018706943687,2266.236283417151,6644.462221856299,31674.42575990658,8407.293012592476,1597.72108293323,514.505016114099,8786.288886879693,12690.168435485115,18035.566973099976,2421.5980559154013,3921.5407918540996,726.1456890932005,7983.904377919035,21480.75011413874,2267.010722574131,43708.17332934084,1468.2430326986107,7713.788184859523,4477.9800132358305,2508.7557796467913,4205.976257715129,800.0369039562252,3240.876428113453,61620.9416542484
21565.119827418435,33783.86404446248,8672.21535700976,8863.70569400338,3328.5980175680565,45061.56258933677,818.0805652380301,29703.104454678076,57.18059156746356,2020.0378053076686,3210.181719860322,11370.543414716532,39530.7098816421,5752.683622767885,4278.337546401411,17005.20504056754,5820.058438232991,2981.5986596352427,1579.3626745699326,26981.312499518583,3683.7973164421255,38630.42181994383,2185.58823275474,6596.811401521483,711.7770977386358,4172.081611490037,45062.51868581902,3798.301239506641,1605.354114006869,11327.298473711398,1126.8031270145718,28620.422361301215,620.5502261561926,2265.606263718183,6649.305606374787,31956.771136832136,8422.414447912302,1570.2483044030917,550.9860978887076,8747.390212988257,12649.014537431227,17961.453402822466,2510.581792138868,3889.2796515516643,732.2797075695512,8097.167194805526,21432.59775954348,2275.19133101425,43596.6339180449,1467.6452880318157,7605.472554621304,4506.512232214937,2402.146427997386,4206.586937184793,800.2409886567018,3297.077683384712,61177.35139891257
21511.89122345265,33791.864767710314,8865.350420646188,8886.362526260056,3360.561053877598,45044.139048911224,822.7611469972624,29563.30824384319,57.274023706526556,2043.0775889573065,3206.337263071926,11367.900708649353,39563.86262915036,5793.016792350201,4327.986635017235,17007.56761889649,5814.617965402156,2979.9342768269416,1571.4022366126862,26973.68777892098,3684.046807310746,38621.470794006906,2217.2744762425673,6602.706810009558,712.744876012627,4147.6194264210035,45025.66675903165,3798.4912433700006,1612.9221866515268,11289.185490759148,1132.4752948111714,28617.030309466485,638.59474200654,2264.0880602140674,6647.667564245628,32318.008311802932,8467.049075210487,1581.8931044504775,610.1320857049542,8738.717865388333,12682.989006868076,17952.019357306377,2701.7011795721974,3903.762201628631,726.1946445912465,8175.715317294686,21472.039431158533,2276.075959003769,43541.08799889617,1467.535288749007,7693.487971058108,4490.214343343271,2322.652316447878,4206.709596089658,799.9487935791345,3288.0257693532003,60794.497614106906
21566.271124906925,33794.55373124546,8681.686561799717,8883.89400900731,3382.6761108164433,45036.40520437584,818.0093445796757,29569.395136835912,57.423320611006325,2046.1877837515267,3208.2507432406123,11364.860752960443,39566.995405345435,5817.303094392713,4390.127144526094,17008.89815551168,5802.326955890282,2973.8180561426784,1534.260590555855,26970.107128787924,3683.3552707387466,38616.40013747515,2219.7734901388535,6605.661468211785,700.0508172374996,4217.479645033191,45021.89125486813,3797.8707304798095,1605.789767262891,11323.727088461112,1136.0096893704094,28613.920883478404,621.6816506891857,2264.619751200187,6648.234651892521,32458.369441637118,8510.897920692098,1576.0573156105527,658.7970274823888,8734.635635735343,12652.364320072893,17981.887965731003,2872.266040802265,3897.007549272759,731.7311107053073,8228.166792191676,21445.04609300194,2275.1591067345917,43524.18367300774,1467.5579681146019,7867.237594001788,4511.589971095117,2263.4010174237214,4206.721945086157,799.9731937322485,3273.5945416842274,60626.39686416641
21539.833749259633,33795.45682364637,8856.373529602291,8878.814779407976,3397.490054904602,45033.033004225086,822.7147035357551,29703.19596160761,57.418441919654505,2039.7067119087237,3206.844957852007,11364.930967935788,39562.87837020452,5837.893918461373,4432.5247516963045,17009.545686968682,5801.415015741314,2973.8833643007665,1537.0366847645723,26968.616929940825,3683.4095783891094,38613.5731842642,2213.917650636263,6607.132330511497,703.2501829537703,4184.517954169618,45033.185647235856,3797.753662522909,1612.53551339108,11299.318113668569,1138.684641620704,28613.046225900132,637.5342600120678,2264.6293517012136,6648.040653683303,32311.408287700207,8534.501034674107,1578.7958277867012,671.6366905845509,8733.542630504533,12678.73954388554,18030.711430823492,2945.6955188624047,3900.0994812256445,726.570508003127,8264.87532383372,21466.09746791749,2274.920734763077,43527.49494553244,1467.5666417710784,8008.151450409295,4497.697328917728,2219.247525508181,4206.727857512149,799.9959783054445,3275.9459061620446,60712.54080999155
21565.0577604745,33795.76009203903,8690.24247489056,8877.682155799843,3407.578210463312,45031.55252003178,818.0370929871254,29639.988660236533,57.3804227991582,2036.5449129897627,3207.684508888061,11364.05968888833,39559.45150968784,5849.116065240815,4449.992122592452,17009.930627562204,5797.442377577013,2975.0598112220155,1508.087217482639,26967.93746859584,3683.3417851095755,38611.98851056954,2211.1792829891965,6607.861029190727,694.5986393183001,4240.143341939308,45047.90584752201,3797.8171115943283,1606.1595317555075,11319.731990288736,1140.5318705452726,28612.975991722946,622.6756385071125,2264.566566479773,6648.107423353626,32049.844513762633,8534.243414680348,1577.4782025879208,644.1524947940131,8733.098654510404,12655.486528405056,18083.912649554662,2915.0347021569364,3898.671174165637,731.3476278869774,8289.110421615356,21451.17652282335,2275.0043478090743,43537.72275242541,1467.5662530916213,8053.899584250193,4513.946072155112,2186.348703183277,4206.727148642254,799.9904388211567,3279.6514772529067,60978.202251298
21552.03639244413,33795.8619308295,8848.24726432817,8878.289303673851,3414.3905039769415,45030.90426048522,822.684245991228,29536.4859052367,57.37692532362987,2037.6101739240137,3207.127320724658,11364.311919904942,39557.871636475196,5859.860009287455,4450.378629569618,17010.104065606953,5797.425699503995,2975.09615315527,1517.0911416298468,26967.648384597433,3683.3499311265473,38611.101863559736,2211.40526976592,6608.220794490313,698.3795330599024,4204.632519196445,45060.19248686281,3797.8418062948713,1612.1867025540953,11304.522542316341,1141.8622423273414,28613.021329648665,636.6025970620683,2264.584539568436,6648.084513683268,31902.16614924199,8518.498361669845,1578.1060942221077,593.7187136224393,8732.96690154085,12675.740994114403,18132.322179847783,2825.808846162508,3899.3280378727836,726.9168000683982,8306.311453749802,21462.514735127952,2275.0461053692825,43547.57883491063,1467.5657159004872,8012.17525164706,4502.378750205364,2161.8373367348477,4206.7277978805,799.9891949937655,3279.0407500243473,61283.35427045608
21563.782998825423,33795.896128601205,8697.977554674997,8878.69571750932,3419.010504556682,45030.620118922954,818.0669015461215,29642.46055178942,57.38601860987201,2038.9940469653486,3207.477291717453,11364.00025535271,39557.43256995316,5864.803120515252,4443.6856245991,17010.218201735115,5796.121881628114,2974.87189684013,1492.8990911562973,26967.518779815324,3683.343159796423,38610.60545557024,2212.077560353101,6608.397968050196,692.1566627582991,4251.065881437603,45068.19604604263,3797.837211302417,1606.489376082425,11316.781160467672,1142.8018486617816,28613.043845942582,623.5488844732678,2264.586155064125,6648.092386707601,31961.854656677868,8499.710777433374,1577.8057758885436,548.838714722695,8732.9175192967,12657.988497280745,18171.216509187245,2738.503411025403,3899.025294177845,731.0241414209727,8317.469684252625,21454.32640853032,2275.0412329418123,43554.32210201823,1467.5656818252908,7933.556994415131,4514.8706790872475,2143.575710679542,4206.727562442888,799.9898769629714,3278.0892657429135,61492.090916235946
21557.41101523804,33795.90761230889,8840.894610997195,8878.70858273136,3422.1368512655977,45030.49562419927,822.6545578935446,29698.095154179817,57.3880239975291,2039.1053382194095,3207.251138918704,11364.154173733692,39557.429291707864,5870.5890206787035,4436.794268020219,17010.262459475885,5796.209248204263,2974.855606022507,1505.5142283485848,26967.46293481783,3683.3442307542796,38610.32759176886,2212.281944404927,6608.485060890374,695.808553297471,4215.928745453605,45072.26182880932,3797.8333095902835,1611.8749289597797,11307.418302241396,1143.4714793886662,28613.04848502923,635.7841052272188,2264.5836409114827,6648.089683269455,32140.724859995036,8487.387947024841,1577.9492134014718,533.1577425932462,8732.90198951571,12673.498371414882,18199.137720595158,2694.851308809321,3899.1646781205827,727.2160637136682,8325.562441277341,21460.4634199407,2275.035262011602,43557.81670216474,1467.5657089990573,7871.067723674007,4505.384103162961,2129.9705680042844,4206.727677752819,799.9898892524064,3278.247873156392,61529.90870058705
21562.900194699443,33795.911468569764,8704.972683138512,8878.635487508585,3424.2548173794544,45030.441069466644,818.0963876551297,29570.878317332295,57.38599421098219,2038.6910289061098,3207.395140157783,11364.025689130176,39557.51012025545,5872.55865998034,4432.573621080011,17010.29772842347,5795.774724634884,2974.897965151306,1484.0862347208804,26967.438138361907,3683.343542989456,38610.1720462121,2212.2146283531824,6608.527815529612,691.1423748054236,4255.959436160687,45073.57762122753,3797.8333279848575,1606.7840918700447,11314.836497270086,1143.9467168886774,28613.048366159754,624.3160553617462,2264.5842219960546,6648.090611954453,32274.40791371345,8484.83788921744,1577.8806677056114,553.1331891485861,8732.896422368398,12659.925468305173,18216.748104779614,2703.139113030725,3899.100472047766,730.7465225308345,8330.671334969804,21455.986800110386,2275.0350595099453,43558.98750984311,1467.5657137983796,7851.829979508457,4515.070610478181,2119.834669042122,4206.727627577165,799.9898259298449,3278.492183959921,61406.26188526386
21559.797954378817,33795.91276351283,8834.243194916144,8878.610001931604,3425.688827905352,45030.41716446492,822.6252595569653,29571.042895843646,57.3852396683862,2038.5174457807616,3207.3027459407604,11364.103146541125,39557.56638049643,5875.811026593829,4431.120721408671,17010.307798640308,5795.834366986304,2974.902851230559,1498.7940367893486,26967.42737585627,3683.343674794532,38610.084975488375,2212.1454763838256,6608.548783494787,694.395417380841,4222.559457742535,45073.37566170001,3797.8338391846273,1611.5963415837718,11309.104506967946,1144.2846457015971,28613.047943745823,635.0650373671994,2264.5843287564508,6648.090292998867,32266.763800354336,8489.826106590828,1577.9134173669513,595.7172345132946,8732.894613447084,12671.793223688033,18225.863832491494,2744.0472892181338,3899.1300405426036,727.4734013042322,8334.502037188777,21459.31744451805,2275.0357896490646,43558.896177275674,1467.5657127462596,7871.5401450384725,4507.368358161474,2112.2834161665187,4206.727650392135,799.9898340989205,3278.450997962191,61197.976853246444
21562.370683362613,33795.91319835829,8711.299402548097,8878.61584351159,3426.660036585333,45030.406689446296,818.1254973986249,29695.104210294725,57.38565465158054,2038.5950009988355,3207.361793993518,11364.046440773236,39557.58981301871,5876.409159571859,4431.369987110073,17010.319415041304,5795.687379510719,2974.894925288925,1478.9732554141765,26967.422623406805,3683.3436039152266,38610.03623493078,2212.13390527151,6608.559059272767,690.7915178621691,4257.788920442588,45072.58137990445,3797.833912833175,1607.047434121871,11313.609942578776,1144.5247231164985,28613.047797032857,624.9900363418358,2264.584230922964,6648.090402555312,32151.914507809233,8497.499176969133,1577.897769025884,636.6290462507675,8732.893980880228,12661.411863086223,18228.727565610086,2788.1445265834914,3899.116421826237,730.5079313361294,8336.820525585888,21456.874926550758,2275.035915753917,43558.338274251975,1467.5657123612596,7907.089758931232,4514.927755341995,2106.657743777085,4206.727640190305,799.9898386144948,3278.3882675271375,61006.44578213708
21560.8664512301,33795.9133443806,8828.226588954958,8878.622523092581,3427.31770652073,45030.40209939961,822.5963368761066,29641.84420645546,57.38589525812543,2038.6772961656345,3207.3239797090705,11364.083297742296,39557.59529704206,5878.337740043528,4432.209863037256,17010.320991202294,5795.717438957652,2974.8936583462846,1494.89243663344,26967.42055204863,3683.343619525268,38610.00895096262,2212.1443843080024,6608.564092440372,693.5765340720926,4226.692729786203,45071.74505704971,3797.8338571705344,1611.3474103086912,11310.109709653225,1144.695353801863,28613.047777164204,634.4333162365812,2264.584248591762,6648.090364926348,32041.500833339403,8503.475101482101,1577.9052458369656,654.0896264115592,8732.893771528808,12670.490950147621,18227.52211247043,2813.1264145968644,3899.1226939819667,727.6945976775472,8338.650236996784,21458.685104381035,2275.035840405968,43557.76569532388,1467.5657123811131,7934.781606956483,4508.716773271497,2102.4666329413944,4206.727644781005,799.9898372159429,3278.398961193106,60910.75769027454
21562.075346211146,33795.91339341529,8717.021850436447,8878.623519907629,3427.7630924545315,45030.400088081165,818.1542341692592,29543.587235601804,57.38582113560767,2038.679282367788,3207.3481702378685,11364.057557994527,39557.594637905604,5878.333868506178,4432.953903598563,17010.325163867223,5795.667013254944,2974.895126740128,1476.007493286856,26967.419640283268,3683.3436121306017,38609.99367793915,2212.150807166678,6608.566556760837,690.7374821806584,4258.090378992172,45071.11191551426,3797.833839292469,1607.282743056224,11312.850766775578,1144.816603251997,28613.0477817744,625.5821473934211,2264.5842542462524,6648.090377850989,32021.46950492701,8505.652050911245,1577.901673358246,640.3089735099414,8732.893699328913,12662.549854107334,18224.09300194916,2812.5217962952997,3899.119805229459,730.3028578836582,8339.68735357097,21457.353836472703,2275.0358140367375,43557.35975389205,1467.5657124052302,7942.831198236337,4514.644069184503,2099.3442694004375,4206.727642720178,799.9898370134923,3278.41506796426,60937.34137142195
21561.348330996814,33795.91340988128,8822.78436701729,8878.622566145565,3428.0647041089896,45030.399206740076,822.5677848128996,29637.610567041287,57.38575163791664,2038.6531095213281,3207.3326865815425,11364.074764129009,39557.59314642663,5879.548165356017,4433.362057266855,17010.324941707586,5795.680478567816,2974.895430876526,1492.6266021801478,26967.419241936303,3683.34361393493,38609.98512840695,2212.150975398156,6608.567762981761,693.071555661941,4229.463193096396,45070.732574408445,3797.8338438867863,1611.1249782588025,11310.715875395721,1144.9027702409057,28613.047785102077,633.8783316390792,2264.584250540604,6648.090373411749,32089.59560141052,8504.365096454634,1577.9033803087202,604.7281761722923,8732.89367518596,12669.495182358489,18219.832187755797,2794.1627018333916,3899.121135676416,727.884722424934,8340.57289069498,21458.338406447027,2275.0358199759257,43557.1412570427,1467.5657124066224,7933.549785899877,4509.659121953457,2097.0181201415407,4206.727643646148,799.9898371693209,3278.412291733724,61056.582999448154
21561.91761453331,33795.9134154106,8722.197836741341,8878.622076242362,3428.2689570703965,45030.3988205444,818.182602711034,29693.241874510455,57.38576158471556,2038.6437885072364,3207.342594400051,11364.062953333503,39557.59224446758,5879.306318595535,4433.471089171762,17010.32659752848,5795.662954932698,2974.8951617195053,1474.2878645982446,26967.41906691117,3683.3436131556546,38609.98034254974,2212.1496611641855,6608.568353269012,690.8064465107732,4257.65695853517,45070.561481295474,3797.833846900068,1607.493002887963,11312.384838698583,1144.9640030580174,28613.047785958184,626.1023334339277,2264.58425102847,6648.090374936511,32174.77000534741,8501.392101720961,1577.902564716737,567.8275000726144,8732.893666924103,12663.42057146956,18215.672507189876,2772.1753413794154,3899.1205229200136,730.1265919065889,8341.025764461418,21457.613221431424,2275.035824140058,43557.0619170973,1467.565712405388,7917.485430387615,4514.322721868433,2095.2851480247723,4206.727643230234,799.9898371647531,3278.4081561841995,61203.82461687446
21561.567157575206,33795.91341726736,8817.861751490564,8878.622102856065,3428.407276823,45030.39865131698,822.5395986127613,29577.687936789567,57.38578023555615,2038.649232856187,3207.336253562811,11364.070930937094,39557.59190582134,5880.118081175168,4433.415318965964,17010.326181998582,5795.668626131056,2974.895092172196,1491.3100824083288,26967.418990338138,3683.3436133608607,38609.97766352265,2212.149130794802,6608.568642091595,692.739286040124,4231.467120300432,45070.52420985535,3797.8338467495987,1610.9262245412294,11311.083422425942,1145.0075177394535,28613.047786003746,633.3907622219173,2264.58425129769,6648.090374412797,32206.620818109248,8498.65438769995,1577.9029544116038,549.4378467150251,8732.893664145358,12668.733540338271,18212.147971138744,2758.2814838859504,3899.120805132779,728.0481397714984,8341.462431057116,21458.148955597644,2275.0358239586944,43557.06093673337,1467.5657124051788,7905.222730559833,4510.334854079709,2093.9940907468626,4206.727643417073,799.9898371513647,3278.4088768555775,61312.15107938155
21561.83573658022,33795.913417890864,8726.879579295868,8878.622204246136,3428.500947205186,45030.39857716307,818.2106077415247,29572.863899138058,57.385780058409885,2038.6540760353266,3207.340311282053,11364.065489484941,39557.59184338666,5879.805855296746,4433.3149961691515,17010.326904260975,5795.662465795981,2974.8951409354836,1473.2914268277461,26967.418956728612,3683.343613278069,38609.97616385689,2212.1492131836108,6608.568783393511,690.9176846629396,4256.895801363473,45070.55372304898,3797.8338463345303,1607.6808801440495,11312.099993333795,1145.0384408776356,28613.04778595079,626.5593313501352,2264.58425116105,6648.090374592679,32170.706981122283,8497.302497028066,1577.9027682129515,558.173299341468,8732.893663198585,12664.086679975957,18209.484382971645,2756.827828012463,3899.1206751558766,729.9750865919142,8341.651947164231,21457.754041902463,2275.035823405137,43557.090925535886,1467.5657124052275,7901.873749634127,4514.013340547618,2093.032258326065,4206.727643333144,799.9898371537383,3278.409938679487,61341.234488462644
21561.667157405303,33795.91341810024,8813.409152120577,8878.62223115726,3428.564380786831,45030.3985446695,822.5117735874275,29687.68032137343,57.38577536256304,2038.653905975875,3207.3377145055847,11364.069179054313,39557.59186449106,5880.37820449591,4433.236660411201,17010.326599948094,5795.664767455395,2974.895156307811,1490.5444965554743,26967.418942012937,3683.343613301148,38609.975324374,2212.1493579183793,6608.568852517274,692.5072213972911,4233.020101659504,45070.60384755716,3797.833846292394,1610.7486285506482,11311.306860936727,1145.0604160899402,28613.04778592746,632.9624189172171,2264.5842511722017,6648.090374530894,32108.749759231472,8497.465192055994,1577.9028571798272,587.5646215573817,8732.893662879116,12668.150927480798,18207.695232216884,2764.8531364174323,3899.120735018446,728.1886013570241,8341.87284277746,21458.045614504972,2275.035823352043,43557.12400875763,1467.5657124052445,7906.231780719117,4510.830413059205,2092.315697114704,4206.727643370846,799.9898371545984,3278.4097516230004,61290.537670052916
21561.794067329323,33795.913418170545,8731.11428436902,8878.622220393772,3428.6073380654657,45030.39853043111,818.2382539187025,29643.24485823807,57.385774823967346,2038.652270576681,3207.3393763036097,11364.066668302756,39557.59189083329,5880.068896214757,4433.198511772208,17010.32693950128,5795.662579892878,2974.8951475885247,1472.7146911125608,26967.418935557773,3683.3436132922952,38609.97485444827,2212.149394683853,6608.5688863299,691.035119296612,4256.013705451184,45070.64949134109,3797.8338463402165,1607.848757494015,11311.92616541455,1145.076032520729,28613.047785923143,626.9608167402746,2264.584251184204,6648.0903745521155,32074.65229201038,8498.545114803144,1577.9028146708984,620.5189363964948,8732.893662770532,12664.596238453993,18206.66741455519,2775.676223840726,3899.1207074479426,729.844863719931,8341.945860253136,21457.830590785077,2275.035823415014,43557.148343157445,1467.5657124052436,7913.486376625797,4513.737096571496,2091.7818619612235,4206.72764335391,799.9898371542582,3278.409478997611,61193.591322387365
21561.713116246203,33795.913418194155,8809.381698452205,8878.62221189194,3428.6364287532238,45030.39852419198,822.4843051088411,29550.231598744183,57.38577593386836,2038.6517840654585,3207.3383128304813,11364.068373128284,39557.591904972855,5880.490022504426,4433.191885960405,17010.326754352613,5795.663491761498,2974.8951442762586,1490.0986449771428,26967.41893273015,3683.3436132948705,38609.97459139325,2212.149377470325,6608.568902868925,692.3370346811297,4234.291179643182,45070.68116373801,3797.8338463528216,1610.589938005106,11311.442858020435,1145.0871301665475,28613.04778592345,632.5861074009013,2264.5842511793057,6648.090374544827,32089.687284839652,8499.738881765881,1577.9028349819298,639.1683566975253,8732.893662733824,12667.705251862664,18206.229110824126,2783.2290240319335,3899.120720145903,728.3093318491212,8342.061371033895,21457.98929721198,2275.035823430413,43557.161926622655,1467.5657124052425,7918.912632327528,4511.200721829719,2091.3841569737533,4206.727643361518,799.9898371542305,3278.4095275446684,61098.61375559019
21561.77316348026,33795.913418202086,8734.944641716003,8878.622211255002,3428.6561289865404,45030.39852145805,818.265545840873,29633.4000315737,57.385776206633004,2038.6521560364583,3207.3389933998756,11364.067213993052,39557.59190972132,5880.212365176371,4433.20068578587,17010.326922365068,5795.662708216113,2974.8951458119273,1472.3815281724017,26967.41893149021,3683.343613293919,38609.974444140316,2212.1493631111766,6608.568910958499,691.1438356387415,4255.113686560505,45070.69852016429,3797.8338463484647,1607.998763967489,11311.820174729988,1145.0950165840488,28613.047785923914,627.3135328310462,2264.584251179441,6648.090374547331,32132.258571159957,8500.469902969866,1577.9028252771923,634.4814145022806,8732.893662721366,12664.986035117341,18206.197790097405,2784.8158617141494,3899.1207142976887,729.7329336763729,8342.084492131831,21457.872230425448,2275.0358234245364,43557.16721213234,1467.5657124052425,7920.296742349058,4513.500505293785,2091.0878684004506,4206.7276433581,799.9898371542653,3278.409597540892,61045.77229900285
21561.734345910972,33795.91341820475,8805.738799010602,8878.62221266814,3428.6694699953987,45030.39852026007,822.4571886082524,29688.56079000412,57.38577596235823,2038.6524379236703,3207.338557868401,11364.068001468957,39557.59191031437,5880.532096168495,4433.2122267172035,17010.32681739965,5795.663063560075,2974.8951465113664,1489.8383513258148,26967.418930946926,3683.3436132942047,38609.974361711065,2212.1493614024157,6608.568914915173,692.2076174928295,4235.372692665042,45070.70519819443,3797.8338463461737,1610.4481403825243,11311.525680294179,1145.1006209792172,28613.04778592406,632.2555072590102,2264.5842511799515,6648.090374546471,32163.411108142638,8500.569360782069,1577.9028299141764,610.5104374370501,8732.89366271715,12667.364325767501,18206.409892369422,2781.425805714005,3899.1207169911613,728.413102938185,8342.147377581097,21457.958621562488,2275.0358234217733,43557.167658118604,1467.5657124052425,7918.255804131386,4511.481643663464,2090.8671346376914,4206.727643359635,799.9898371542627,3278.4095849426903,61051.27566622664
21561.762788782264,33795.913418205644,8738.409261695218,8878.622213234547,3428.6785045347774,45030.39851973512,818.29248804742,29583.799912818904,57.385775863677445,2038.6524100631907,3207.338836587055,11364.06746622277,39557.59190982405,5880.294345867381,4433.220271688203,17010.326903191984,5795.662780862462,2974.8951462457217,1472.1897216588545,26967.418930708736,3683.343613294102,38609.97431556882,2212.1493638393413,6608.568916850376,691.2387415055024,4254.245181808647,45070.70556802904,3797.8338463464006,1608.1328019546784,11311.755572528606,1145.1046036801692,28613.04778592408,627.623403734807,2264.5842511797814,6648.090374546767,32160.917876980348,8500.211061598826,1577.9028276985964,581.3573714278261,8732.89366271572,12665.284216747865,18206.735640348463,2776.1677585655184,3899.120715750647,729.6367268083696,8342.15036245919,21457.89488899768,2275.0358234221394,43557.16607539371,1467.5657124052425,7914.981727946695,4513.302927573615,2090.7026888968953,4206.727643358946,799.9898371542599,3278.4095669714766,61104.05241896748
21561.744196539767,33795.91341820594,8802.443736221407,8878.622213144845,3428.6846227300975,45030.39851950509,822.4304195754547,29574.81548108912,57.3857759126409,2038.6523089255509,3207.3386582207327,11364.067829920386,39557.5919093743,5880.542407155461,4433.223687599645,17010.326845567877,5795.662917723396,2974.8951461004594,1489.6857465705782,26967.41893060436,3683.3436132941333,38609.974289739315,2212.149365122356,6608.568917796867,692.1067076211689,4236.3166602679985,45070.703156369425,3797.833846346733,1610.3214373977867,11311.576132422242,1145.1074339423174,28613.04778592407,631.965065831949,2264.5842511797755,6648.090374546665,32133.43185874547,8499.714653065266,1577.9028287572144,562.9634282213824,8732.893662715236,12667.10352894749,18207.08306506554,2772.139606980728,3899.1207163219824,728.5022969664478,8342.18618082501,21457.94191717919,2275.0358234225405,43557.16417502589,1467.5657124052425,7912.582419599999,4511.697278778139,2090.580177499911,4206.727643359256,799.9898371542606,3278.4095702404434,61174.54798663764
21561.757681804047,33795.913418206044,8741.543066864244,8878.622213009045,3428.688765975625,45030.3985194043,818.3190850195601,29680.881268726353,57.38577594344886,2038.6522844929295,3207.33877236642,11364.0675827446,39557.59190915749,5880.343898210546,4433.223863038455,17010.326890177697,5795.662815111753,2974.895146145403,1472.0799504763804,26967.4189305586,3683.3436132941224,38609.974275280474,2212.149365082257,6608.5689182597835,691.3191296141023,4253.430134162686,45070.70019884079,3797.833846346753,1608.252571332584,11311.71620406752,1145.109445236606,28613.047785924067,627.8956339491626,2264.5842511797964,6648.090374546699,32107.53916890536,8499.351312757852,1577.9028282514,564.4580734432881,8732.893662715072,12665.512315707121,18207.395137809934,2770.9305669964792,3899.1207160588465,729.5540344305499,8342.182000397257,21457.90722124062,2275.035823422549,43557.16272244682,1467.5657124052425,7912.014825387277,4513.140574618447,2090.488907015739,4206.727643359117,799.9898371542607,3278.4095748544128,61230.079952329426
21561.748785229705,33795.91341820608,8799.463297755869,8878.622212983262,3428.691571783938,45030.39851936013,822.4039935580348,29644.250662133774,57.385775935003544,2038.652309370531,3207.33869931877,11364.067750711483,39557.59190909335,5880.539125471384,4433.222654632336,17010.326859038672,5795.6628673773685,2974.8951461751467,1489.5956395424785,26967.418930538548,3683.343613294126,38609.974267186706,2212.1493647920083,6608.568918486188,692.0267225837754,4237.153754015313,45070.69779084991,3797.8338463467126,1610.20822219679,11311.606869697129,1145.1108745405145,28613.047785924067,631.7099049537023,2264.5842511797905,6648.090374546688,32103.28482296031,8499.238492696732,1577.9028284930812,583.725206803452,8732.893662715016,12666.904028203826,18207.643249240504,2772.2957536390927,3899.120716180037,728.5789616208274,8342.203371150226,21457.932822115727,2275.0358234224996,43557.161882473556,1467.5657124052425,7912.9683418359655,4511.864291053253,2090.420910882454,4206.72764335918,799.9898371542606,3278.4095740062685,61249.2290800269
21561.755183836798,33795.913418206095,8744.377644842521,8878.622213000914,3428.693471878993,45030.39851934078,818.3453411810883,29556.435276881904,57.385775926234665,2038.6523255806176,3207.3387460656836,11364.067636562935,39557.59190909023,5880.37572537805,4433.221367577506,17010.32688246881,5795.66282994775,2974.8951461677575,1472.0177877214662,26967.41893052976,3683.3436132941247,38609.974262655975,2212.1493646914446,6608.568918596918,691.3861010842047,4252.676530001321,45070.69625316198,3797.833846346704,1608.3595910229324,11311.692215021129,1145.1118902594305,28613.047785924067,628.1347957701297,2264.58425117979,6648.090374546692,32119.71045161929,8499.340265285577,1577.9028283776045,609.279699880634,8732.893662714998,12665.686803733144,18207.819445135035,2774.8152459453368,3899.120716124221,729.482958118729,8342.197434828144,21457.913933926953,2275.035823422492,43557.16153519105,1467.5657124052425,7914.44504668089,4513.008585917554,2090.3702540443433,4206.727643359151,799.9898371542606,3278.409572821683,61229.2795274214
